<?xml version="1.0" encoding="utf-8"?>
<edmx:Edmx Version="1.0" xmlns:edmx="http://schemas.microsoft.com/ado/2007/06/edmx" xmlns:m="http://schemas.microsoft.com/ado/2007/08/dataservices/metadata" xmlns:sap="http://www.sap.com/Protocols/SAPData">
    <edmx:Reference Uri="http://edu.bgis.co.kr:8001/sap/opu/odata/IWFND/CATALOGSERVICE;v=2/Vocabularies(TechnicalName='%2FIWBEP%2FVOC_COMMON',Version='0001',SAP__Origin='LOCAL')/$value" xmlns:edmx="http://docs.oasis-open.org/odata/ns/edmx">
        <edmx:Include Namespace="com.sap.vocabularies.Common.v1" Alias="Common"/>
    </edmx:Reference>
    <edmx:Reference Uri="http://edu.bgis.co.kr:8001/sap/opu/odata/IWFND/CATALOGSERVICE;v=2/Vocabularies(TechnicalName='%2FIWBEP%2FVOC_CAPABILITIES',Version='0001',SAP__Origin='LOCAL')/$value" xmlns:edmx="http://docs.oasis-open.org/odata/ns/edmx">
        <edmx:Include Namespace="Org.OData.Capabilities.V1" Alias="Capabilities"/>
    </edmx:Reference>
    <edmx:Reference Uri="http://edu.bgis.co.kr:8001/sap/opu/odata/IWFND/CATALOGSERVICE;v=2/Vocabularies(TechnicalName='%2FIWBEP%2FVOC_COMMUNICATION',Version='0001',SAP__Origin='LOCAL')/$value" xmlns:edmx="http://docs.oasis-open.org/odata/ns/edmx">
        <edmx:Include Namespace="com.sap.vocabularies.Communication.v1" Alias="Communication"/>
    </edmx:Reference>
    <edmx:Reference Uri="http://edu.bgis.co.kr:8001/sap/opu/odata/IWFND/CATALOGSERVICE;v=2/Vocabularies(TechnicalName='%2FIWBEP%2FVOC_AGGREGATION',Version='0001',SAP__Origin='LOCAL')/$value" xmlns:edmx="http://docs.oasis-open.org/odata/ns/edmx">
        <edmx:Include Namespace="Org.OData.Aggregation.V1" Alias="Aggregation"/>
    </edmx:Reference>
    <edmx:Reference Uri="http://edu.bgis.co.kr:8001/sap/opu/odata/IWFND/CATALOGSERVICE;v=2/Vocabularies(TechnicalName='%2FIWBEP%2FVOC_PERSONALDATA',Version='0001',SAP__Origin='LOCAL')/$value" xmlns:edmx="http://docs.oasis-open.org/odata/ns/edmx">
        <edmx:Include Namespace="com.sap.vocabularies.PersonalData.v1" Alias="PersonalData"/>
    </edmx:Reference>
    <edmx:DataServices m:DataServiceVersion="2.0">
        <Schema Namespace="ZZ2C_CHART_CDS" xml:lang="en" sap:schema-version="1" xmlns="http://schemas.microsoft.com/ado/2008/09/edm">
            <EntityType Name="ZZ2C_CHARTType" sap:label="판매 실적 분석" sap:content-version="1">
                <Key>
                    <PropertyRef Name="Stcod"/>
                    <PropertyRef Name="Gocod"/>
                    <PropertyRef Name="Sdate"/>
                </Key>
                <Property Name="Stcod" Type="Edm.String" Nullable="false" MaxLength="4" sap:display-format="UpperCase" sap:label="지점코드"/>
                <Property Name="Gocod" Type="Edm.String" Nullable="false" MaxLength="8" sap:display-format="UpperCase" sap:label="상품코드"/>
                <Property Name="Sdate" Type="Edm.DateTime" Nullable="false" Precision="0" sap:display-format="Date" sap:label="판매 날짜"/>
                <Property Name="Quant" Type="Edm.Decimal" Precision="6" Scale="0" sap:unit="Unit" sap:label="구매 수량"/>
                <Property Name="Unit" Type="Edm.String" MaxLength="3" sap:label="측정단위" sap:semantics="unit-of-measure"/>
                <Property Name="Amoun" Type="Edm.Decimal" Precision="16" Scale="3" sap:unit="Currc" sap:label="총 금액"/>
                <Property Name="Currc" Type="Edm.String" MaxLength="5" sap:label="통화" sap:semantics="currency-code"/>
                <Property Name="Mandt" Type="Edm.String" MaxLength="3" sap:label="Client"/>
                <Property Name="Stnam" Type="Edm.String" MaxLength="20" sap:label="지점명"/>
                <Property Name="Gonam" Type="Edm.String" MaxLength="20" sap:label="자재명"/>
            </EntityType>
            <EntityContainer Name="ZZ2C_CHART_CDS_Entities" m:IsDefaultEntityContainer="true" sap:message-scope-supported="true" sap:supported-formats="atom json xlsx">
                <EntitySet Name="ZZ2C_CHART" EntityType="ZZ2C_CHART_CDS.ZZ2C_CHARTType" sap:content-version="1"/>
            </EntityContainer>
            <Annotations Target="ZZ2C_CHART_CDS.ZZ2C_CHART_CDS_Entities" xmlns="http://docs.oasis-open.org/odata/ns/edm">
                <Annotation Term="Aggregation.ApplySupported">
                    <Record>
                        <PropertyValue Property="Transformations">
                            <Collection>
                                <String>aggregate</String>
                                <String>groupby</String>
                                <String>filter</String>
                            </Collection>
                        </PropertyValue>
                        <PropertyValue Property="Rollup" EnumMember="None"/>
                    </Record>
                </Annotation>
            </Annotations>
            <atom:link rel="self" href="http://edu.bgis.co.kr:8001/sap/opu/odata/sap/ZZ2C_CHART_CDS/$metadata" xmlns:atom="http://www.w3.org/2005/Atom"/>
            <atom:link rel="latest-version" href="http://edu.bgis.co.kr:8001/sap/opu/odata/sap/ZZ2C_CHART_CDS/$metadata" xmlns:atom="http://www.w3.org/2005/Atom"/>
        </Schema>
    </edmx:DataServices>
</edmx:Edmx>